countryIsoCode;country;indexCode;index;dimension;indicatorCode;indicator;year;value;note
ARG;Argentina;HDI;Human Development Index;;mys;Mean Years of Schooling (years);1990;8.122559492;
ARG;Argentina;HDI;Human Development Index;;mys;Mean Years of Schooling (years);1991;8.18999958;
ARG;Argentina;HDI;Human Development Index;;mys;Mean Years of Schooling (years);1992;8.257999611;
ARG;Argentina;HDI;Human Development Index;;mys;Mean Years of Schooling (years);1993;8.325999641;
ARG;Argentina;HDI;Human Development Index;;mys;Mean Years of Schooling (years);1994;8.393999672;
ARG;Argentina;HDI;Human Development Index;;mys;Mean Years of Schooling (years);1995;8.461999702;
ARG;Argentina;HDI;Human Development Index;;mys;Mean Years of Schooling (years);1996;8.529999733;
ARG;Argentina;HDI;Human Development Index;;mys;Mean Years of Schooling (years);1997;8.597999763;
ARG;Argentina;HDI;Human Development Index;;mys;Mean Years of Schooling (years);1998;8.665999794;
ARG;Argentina;HDI;Human Development Index;;mys;Mean Years of Schooling (years);1999;8.733999825;
ARG;Argentina;HDI;Human Development Index;;mys;Mean Years of Schooling (years);2000;8.801999855;
ARG;Argentina;HDI;Human Development Index;;mys;Mean Years of Schooling (years);2001;8.869999886;
ARG;Argentina;HDI;Human Development Index;;mys;Mean Years of Schooling (years);2002;9.394999981;
ARG;Argentina;HDI;Human Development Index;;mys;Mean Years of Schooling (years);2003;9.920000076;
ARG;Argentina;HDI;Human Development Index;;mys;Mean Years of Schooling (years);2004;10.00999991;
ARG;Argentina;HDI;Human Development Index;;mys;Mean Years of Schooling (years);2005;10.09999975;
ARG;Argentina;HDI;Human Development Index;;mys;Mean Years of Schooling (years);2006;10.18999958;
ARG;Argentina;HDI;Human Development Index;;mys;Mean Years of Schooling (years);2007;10.29999971;
ARG;Argentina;HDI;Human Development Index;;mys;Mean Years of Schooling (years);2008;10.40999985;
ARG;Argentina;HDI;Human Development Index;;mys;Mean Years of Schooling (years);2009;10.53999996;
ARG;Argentina;HDI;Human Development Index;;mys;Mean Years of Schooling (years);2010;10.60000038;
ARG;Argentina;HDI;Human Development Index;;mys;Mean Years of Schooling (years);2011;10.69999981;
ARG;Argentina;HDI;Human Development Index;;mys;Mean Years of Schooling (years);2012;10.78999996;
ARG;Argentina;HDI;Human Development Index;;mys;Mean Years of Schooling (years);2013;10.89000034;
ARG;Argentina;HDI;Human Development Index;;mys;Mean Years of Schooling (years);2014;10.90999985;
ARG;Argentina;HDI;Human Development Index;;mys;Mean Years of Schooling (years);2015;10.92000008;
ARG;Argentina;HDI;Human Development Index;;mys;Mean Years of Schooling (years);2016;10.93000031;
ARG;Argentina;HDI;Human Development Index;;mys;Mean Years of Schooling (years);2017;11.01500034;
ARG;Argentina;HDI;Human Development Index;;mys;Mean Years of Schooling (years);2018;11.10000038;
ARG;Argentina;HDI;Human Development Index;;mys;Mean Years of Schooling (years);2019;11.12000036;
BOL;Bolivia (Plurinational State of);HDI;Human Development Index;;mys;Mean Years of Schooling (years);1990;5.993602746;
BOL;Bolivia (Plurinational State of);HDI;Human Development Index;;mys;Mean Years of Schooling (years);1991;6.100842014;
BOL;Bolivia (Plurinational State of);HDI;Human Development Index;;mys;Mean Years of Schooling (years);1992;6.210000038;
BOL;Bolivia (Plurinational State of);HDI;Human Development Index;;mys;Mean Years of Schooling (years);1993;6.321111149;
BOL;Bolivia (Plurinational State of);HDI;Human Development Index;;mys;Mean Years of Schooling (years);1994;6.43222226;
BOL;Bolivia (Plurinational State of);HDI;Human Development Index;;mys;Mean Years of Schooling (years);1995;6.543333371;
BOL;Bolivia (Plurinational State of);HDI;Human Development Index;;mys;Mean Years of Schooling (years);1996;6.654444483;
BOL;Bolivia (Plurinational State of);HDI;Human Development Index;;mys;Mean Years of Schooling (years);1997;6.765555594;
BOL;Bolivia (Plurinational State of);HDI;Human Development Index;;mys;Mean Years of Schooling (years);1998;6.876666705;
BOL;Bolivia (Plurinational State of);HDI;Human Development Index;;mys;Mean Years of Schooling (years);1999;6.987777816;
BOL;Bolivia (Plurinational State of);HDI;Human Development Index;;mys;Mean Years of Schooling (years);2000;7.098888927;
BOL;Bolivia (Plurinational State of);HDI;Human Development Index;;mys;Mean Years of Schooling (years);2001;7.210000038;
BOL;Bolivia (Plurinational State of);HDI;Human Development Index;;mys;Mean Years of Schooling (years);2002;7.14800005;
BOL;Bolivia (Plurinational State of);HDI;Human Development Index;;mys;Mean Years of Schooling (years);2003;7.086000061;
BOL;Bolivia (Plurinational State of);HDI;Human Development Index;;mys;Mean Years of Schooling (years);2004;7.024000072;
BOL;Bolivia (Plurinational State of);HDI;Human Development Index;;mys;Mean Years of Schooling (years);2005;6.962000084;
BOL;Bolivia (Plurinational State of);HDI;Human Development Index;;mys;Mean Years of Schooling (years);2006;6.900000095;
BOL;Bolivia (Plurinational State of);HDI;Human Development Index;;mys;Mean Years of Schooling (years);2007;7.049999952;
BOL;Bolivia (Plurinational State of);HDI;Human Development Index;;mys;Mean Years of Schooling (years);2008;7.199999809;
BOL;Bolivia (Plurinational State of);HDI;Human Development Index;;mys;Mean Years of Schooling (years);2009;7.480000019;
BOL;Bolivia (Plurinational State of);HDI;Human Development Index;;mys;Mean Years of Schooling (years);2010;7.710000038;
BOL;Bolivia (Plurinational State of);HDI;Human Development Index;;mys;Mean Years of Schooling (years);2011;7.940000057;
BOL;Bolivia (Plurinational State of);HDI;Human Development Index;;mys;Mean Years of Schooling (years);2012;8.170000076;
BOL;Bolivia (Plurinational State of);HDI;Human Development Index;;mys;Mean Years of Schooling (years);2013;8.423333486;
BOL;Bolivia (Plurinational State of);HDI;Human Development Index;;mys;Mean Years of Schooling (years);2014;8.676666896;
BOL;Bolivia (Plurinational State of);HDI;Human Development Index;;mys;Mean Years of Schooling (years);2015;8.930000305;
BOL;Bolivia (Plurinational State of);HDI;Human Development Index;;mys;Mean Years of Schooling (years);2016;9.162500143;
BOL;Bolivia (Plurinational State of);HDI;Human Development Index;;mys;Mean Years of Schooling (years);2017;9.394999981;
BOL;Bolivia (Plurinational State of);HDI;Human Development Index;;mys;Mean Years of Schooling (years);2018;9.627499819;
BOL;Bolivia (Plurinational State of);HDI;Human Development Index;;mys;Mean Years of Schooling (years);2019;9.859999657;
BRA;Brazil;HDI;Human Development Index;;mys;Mean Years of Schooling (years);1990;3.685051873;
BRA;Brazil;HDI;Human Development Index;;mys;Mean Years of Schooling (years);1991;3.830994521;
BRA;Brazil;HDI;Human Development Index;;mys;Mean Years of Schooling (years);1992;3.976937169;
BRA;Brazil;HDI;Human Development Index;;mys;Mean Years of Schooling (years);1993;4.122879818;
BRA;Brazil;HDI;Human Development Index;;mys;Mean Years of Schooling (years);1994;4.268822466;
BRA;Brazil;HDI;Human Development Index;;mys;Mean Years of Schooling (years);1995;4.414765115;
BRA;Brazil;HDI;Human Development Index;;mys;Mean Years of Schooling (years);1996;4.586247727;
BRA;Brazil;HDI;Human Development Index;;mys;Mean Years of Schooling (years);1997;4.757730339;
BRA;Brazil;HDI;Human Development Index;;mys;Mean Years of Schooling (years);1998;4.92921295;
BRA;Brazil;HDI;Human Development Index;;mys;Mean Years of Schooling (years);1999;5.100695562;
BRA;Brazil;HDI;Human Development Index;;mys;Mean Years of Schooling (years);2000;5.272178174;
BRA;Brazil;HDI;Human Development Index;;mys;Mean Years of Schooling (years);2001;5.449133635;
BRA;Brazil;HDI;Human Development Index;;mys;Mean Years of Schooling (years);2002;5.626089097;
BRA;Brazil;HDI;Human Development Index;;mys;Mean Years of Schooling (years);2003;5.803044558;
BRA;Brazil;HDI;Human Development Index;;mys;Mean Years of Schooling (years);2004;5.980000019;
BRA;Brazil;HDI;Human Development Index;;mys;Mean Years of Schooling (years);2005;6.150000095;
BRA;Brazil;HDI;Human Development Index;;mys;Mean Years of Schooling (years);2006;6.320000172;
BRA;Brazil;HDI;Human Development Index;;mys;Mean Years of Schooling (years);2007;6.5;
BRA;Brazil;HDI;Human Development Index;;mys;Mean Years of Schooling (years);2008;6.670000076;
BRA;Brazil;HDI;Human Development Index;;mys;Mean Years of Schooling (years);2009;6.769999981;
BRA;Brazil;HDI;Human Development Index;;mys;Mean Years of Schooling (years);2010;6.880000114;
BRA;Brazil;HDI;Human Development Index;;mys;Mean Years of Schooling (years);2011;7.010000229;
BRA;Brazil;HDI;Human Development Index;;mys;Mean Years of Schooling (years);2012;7.21999979;
BRA;Brazil;HDI;Human Development Index;;mys;Mean Years of Schooling (years);2013;7.289999962;
BRA;Brazil;HDI;Human Development Index;;mys;Mean Years of Schooling (years);2014;7.380000114;
BRA;Brazil;HDI;Human Development Index;;mys;Mean Years of Schooling (years);2015;7.510000229;
BRA;Brazil;HDI;Human Development Index;;mys;Mean Years of Schooling (years);2016;7.730000019;
BRA;Brazil;HDI;Human Development Index;;mys;Mean Years of Schooling (years);2017;7.849999905;
BRA;Brazil;HDI;Human Development Index;;mys;Mean Years of Schooling (years);2018;7.980000019;
BRA;Brazil;HDI;Human Development Index;;mys;Mean Years of Schooling (years);2019;8.125777988;
CHL;Chile;HDI;Human Development Index;;mys;Mean Years of Schooling (years);1990;8.384781038;
CHL;Chile;HDI;Human Development Index;;mys;Mean Years of Schooling (years);1991;8.464237816;
CHL;Chile;HDI;Human Development Index;;mys;Mean Years of Schooling (years);1992;8.543694594;
CHL;Chile;HDI;Human Development Index;;mys;Mean Years of Schooling (years);1993;8.623151372;
CHL;Chile;HDI;Human Development Index;;mys;Mean Years of Schooling (years);1994;8.70260815;
CHL;Chile;HDI;Human Development Index;;mys;Mean Years of Schooling (years);1995;8.782064928;
CHL;Chile;HDI;Human Development Index;;mys;Mean Years of Schooling (years);1996;8.855248802;
CHL;Chile;HDI;Human Development Index;;mys;Mean Years of Schooling (years);1997;8.928432676;
CHL;Chile;HDI;Human Development Index;;mys;Mean Years of Schooling (years);1998;9.001616551;
CHL;Chile;HDI;Human Development Index;;mys;Mean Years of Schooling (years);1999;9.074800425;
CHL;Chile;HDI;Human Development Index;;mys;Mean Years of Schooling (years);2000;9.1479843;
CHL;Chile;HDI;Human Development Index;;mys;Mean Years of Schooling (years);2001;9.285988177;
CHL;Chile;HDI;Human Development Index;;mys;Mean Years of Schooling (years);2002;9.423992054;
CHL;Chile;HDI;Human Development Index;;mys;Mean Years of Schooling (years);2003;9.561995932;
CHL;Chile;HDI;Human Development Index;;mys;Mean Years of Schooling (years);2004;9.699999809;
CHL;Chile;HDI;Human Development Index;;mys;Mean Years of Schooling (years);2005;9.736666679;
CHL;Chile;HDI;Human Development Index;;mys;Mean Years of Schooling (years);2006;9.773333549;
CHL;Chile;HDI;Human Development Index;;mys;Mean Years of Schooling (years);2007;9.81000042;
CHL;Chile;HDI;Human Development Index;;mys;Mean Years of Schooling (years);2008;10.10999966;
CHL;Chile;HDI;Human Development Index;;mys;Mean Years of Schooling (years);2009;9.980000019;
CHL;Chile;HDI;Human Development Index;;mys;Mean Years of Schooling (years);2010;9.850000381;
CHL;Chile;HDI;Human Development Index;;mys;Mean Years of Schooling (years);2011;9.539999962;
CHL;Chile;HDI;Human Development Index;;mys;Mean Years of Schooling (years);2012;9.775000095;
CHL;Chile;HDI;Human Development Index;;mys;Mean Years of Schooling (years);2013;10.01000023;
CHL;Chile;HDI;Human Development Index;;mys;Mean Years of Schooling (years);2014;10.13500023;
CHL;Chile;HDI;Human Development Index;;mys;Mean Years of Schooling (years);2015;10.26000023;
CHL;Chile;HDI;Human Development Index;;mys;Mean Years of Schooling (years);2016;10.42500019;
CHL;Chile;HDI;Human Development Index;;mys;Mean Years of Schooling (years);2017;10.59000015;
CHL;Chile;HDI;Human Development Index;;mys;Mean Years of Schooling (years);2018;10.76107344;
CHL;Chile;HDI;Human Development Index;;mys;Mean Years of Schooling (years);2019;10.93491029;
COL;Colombia;HDI;Human Development Index;;mys;Mean Years of Schooling (years);1990;6.346991442;
COL;Colombia;HDI;Human Development Index;;mys;Mean Years of Schooling (years);1991;6.397589851;
COL;Colombia;HDI;Human Development Index;;mys;Mean Years of Schooling (years);1992;6.448591632;
COL;Colombia;HDI;Human Development Index;;mys;Mean Years of Schooling (years);1993;6.5;
COL;Colombia;HDI;Human Development Index;;mys;Mean Years of Schooling (years);1994;6.551818197;
COL;Colombia;HDI;Human Development Index;;mys;Mean Years of Schooling (years);1995;6.603636395;
COL;Colombia;HDI;Human Development Index;;mys;Mean Years of Schooling (years);1996;6.655454592;
COL;Colombia;HDI;Human Development Index;;mys;Mean Years of Schooling (years);1997;6.70727279;
COL;Colombia;HDI;Human Development Index;;mys;Mean Years of Schooling (years);1998;6.759090987;
COL;Colombia;HDI;Human Development Index;;mys;Mean Years of Schooling (years);1999;6.810909185;
COL;Colombia;HDI;Human Development Index;;mys;Mean Years of Schooling (years);2000;6.862727382;
COL;Colombia;HDI;Human Development Index;;mys;Mean Years of Schooling (years);2001;6.914545579;
COL;Colombia;HDI;Human Development Index;;mys;Mean Years of Schooling (years);2002;6.966363777;
COL;Colombia;HDI;Human Development Index;;mys;Mean Years of Schooling (years);2003;7.018181974;
COL;Colombia;HDI;Human Development Index;;mys;Mean Years of Schooling (years);2004;7.070000172;
COL;Colombia;HDI;Human Development Index;;mys;Mean Years of Schooling (years);2005;7.28000021;
COL;Colombia;HDI;Human Development Index;;mys;Mean Years of Schooling (years);2006;6.800000191;
COL;Colombia;HDI;Human Development Index;;mys;Mean Years of Schooling (years);2007;7.190000057;
COL;Colombia;HDI;Human Development Index;;mys;Mean Years of Schooling (years);2008;7.320000172;
COL;Colombia;HDI;Human Development Index;;mys;Mean Years of Schooling (years);2009;7.25;
COL;Colombia;HDI;Human Development Index;;mys;Mean Years of Schooling (years);2010;7.389999866;
COL;Colombia;HDI;Human Development Index;;mys;Mean Years of Schooling (years);2011;7.519999981;
COL;Colombia;HDI;Human Development Index;;mys;Mean Years of Schooling (years);2012;7.630000114;
COL;Colombia;HDI;Human Development Index;;mys;Mean Years of Schooling (years);2013;7.829999924;
COL;Colombia;HDI;Human Development Index;;mys;Mean Years of Schooling (years);2014;7.989999771;
COL;Colombia;HDI;Human Development Index;;mys;Mean Years of Schooling (years);2015;8.050000191;
COL;Colombia;HDI;Human Development Index;;mys;Mean Years of Schooling (years);2016;8.220000267;
COL;Colombia;HDI;Human Development Index;;mys;Mean Years of Schooling (years);2017;8.360000134;
COL;Colombia;HDI;Human Development Index;;mys;Mean Years of Schooling (years);2018;8.5;
COL;Colombia;HDI;Human Development Index;;mys;Mean Years of Schooling (years);2019;8.640000343;
ECU;Ecuador;HDI;Human Development Index;;mys;Mean Years of Schooling (years);1990;6.75;
ECU;Ecuador;HDI;Human Development Index;;mys;Mean Years of Schooling (years);1991;6.807058811;
ECU;Ecuador;HDI;Human Development Index;;mys;Mean Years of Schooling (years);1992;6.864117622;
ECU;Ecuador;HDI;Human Development Index;;mys;Mean Years of Schooling (years);1993;6.921176434;
ECU;Ecuador;HDI;Human Development Index;;mys;Mean Years of Schooling (years);1994;6.978235245;
ECU;Ecuador;HDI;Human Development Index;;mys;Mean Years of Schooling (years);1995;7.035294056;
ECU;Ecuador;HDI;Human Development Index;;mys;Mean Years of Schooling (years);1996;7.092352867;
ECU;Ecuador;HDI;Human Development Index;;mys;Mean Years of Schooling (years);1997;7.149411678;
ECU;Ecuador;HDI;Human Development Index;;mys;Mean Years of Schooling (years);1998;7.20647049;
ECU;Ecuador;HDI;Human Development Index;;mys;Mean Years of Schooling (years);1999;7.263529301;
ECU;Ecuador;HDI;Human Development Index;;mys;Mean Years of Schooling (years);2000;7.320588112;
ECU;Ecuador;HDI;Human Development Index;;mys;Mean Years of Schooling (years);2001;7.377646923;
ECU;Ecuador;HDI;Human Development Index;;mys;Mean Years of Schooling (years);2002;7.434705734;
ECU;Ecuador;HDI;Human Development Index;;mys;Mean Years of Schooling (years);2003;7.491764545;
ECU;Ecuador;HDI;Human Development Index;;mys;Mean Years of Schooling (years);2004;7.548823357;
ECU;Ecuador;HDI;Human Development Index;;mys;Mean Years of Schooling (years);2005;7.605882168;
ECU;Ecuador;HDI;Human Development Index;;mys;Mean Years of Schooling (years);2006;7.662940979;
ECU;Ecuador;HDI;Human Development Index;;mys;Mean Years of Schooling (years);2007;7.71999979;
ECU;Ecuador;HDI;Human Development Index;;mys;Mean Years of Schooling (years);2008;7.730000019;
ECU;Ecuador;HDI;Human Development Index;;mys;Mean Years of Schooling (years);2009;7.739999771;
ECU;Ecuador;HDI;Human Development Index;;mys;Mean Years of Schooling (years);2010;7.849999905;
ECU;Ecuador;HDI;Human Development Index;;mys;Mean Years of Schooling (years);2011;7.909999847;
ECU;Ecuador;HDI;Human Development Index;;mys;Mean Years of Schooling (years);2012;8.100000381;
ECU;Ecuador;HDI;Human Development Index;;mys;Mean Years of Schooling (years);2013;8.289999962;
ECU;Ecuador;HDI;Human Development Index;;mys;Mean Years of Schooling (years);2014;8.359999657;
ECU;Ecuador;HDI;Human Development Index;;mys;Mean Years of Schooling (years);2015;8.699999809;
ECU;Ecuador;HDI;Human Development Index;;mys;Mean Years of Schooling (years);2016;8.68999958;
ECU;Ecuador;HDI;Human Development Index;;mys;Mean Years of Schooling (years);2017;8.770000458;
ECU;Ecuador;HDI;Human Development Index;;mys;Mean Years of Schooling (years);2018;8.78666687;
ECU;Ecuador;HDI;Human Development Index;;mys;Mean Years of Schooling (years);2019;8.803333282;
GUY;Guyana;HDI;Human Development Index;;mys;Mean Years of Schooling (years);1990;5.271297611;
GUY;Guyana;HDI;Human Development Index;;mys;Mean Years of Schooling (years);1991;5.341373946;
GUY;Guyana;HDI;Human Development Index;;mys;Mean Years of Schooling (years);1992;5.41145028;
GUY;Guyana;HDI;Human Development Index;;mys;Mean Years of Schooling (years);1993;5.481526615;
GUY;Guyana;HDI;Human Development Index;;mys;Mean Years of Schooling (years);1994;5.55160295;
GUY;Guyana;HDI;Human Development Index;;mys;Mean Years of Schooling (years);1995;5.621679284;
GUY;Guyana;HDI;Human Development Index;;mys;Mean Years of Schooling (years);1996;5.699541878;
GUY;Guyana;HDI;Human Development Index;;mys;Mean Years of Schooling (years);1997;5.777404472;
GUY;Guyana;HDI;Human Development Index;;mys;Mean Years of Schooling (years);1998;5.855267066;
GUY;Guyana;HDI;Human Development Index;;mys;Mean Years of Schooling (years);1999;5.93312966;
GUY;Guyana;HDI;Human Development Index;;mys;Mean Years of Schooling (years);2000;6.010992254;
GUY;Guyana;HDI;Human Development Index;;mys;Mean Years of Schooling (years);2001;6.06549607;
GUY;Guyana;HDI;Human Development Index;;mys;Mean Years of Schooling (years);2002;6.119999886;
GUY;Guyana;HDI;Human Development Index;;mys;Mean Years of Schooling (years);2003;6.263449276;
GUY;Guyana;HDI;Human Development Index;;mys;Mean Years of Schooling (years);2004;6.406898667;
GUY;Guyana;HDI;Human Development Index;;mys;Mean Years of Schooling (years);2005;6.550348057;
GUY;Guyana;HDI;Human Development Index;;mys;Mean Years of Schooling (years);2006;6.693797448;
GUY;Guyana;HDI;Human Development Index;;mys;Mean Years of Schooling (years);2007;6.837246839;
GUY;Guyana;HDI;Human Development Index;;mys;Mean Years of Schooling (years);2008;6.980696229;
GUY;Guyana;HDI;Human Development Index;;mys;Mean Years of Schooling (years);2009;7.12414562;
GUY;Guyana;HDI;Human Development Index;;mys;Mean Years of Schooling (years);2010;7.267595011;
GUY;Guyana;HDI;Human Development Index;;mys;Mean Years of Schooling (years);2011;7.411044401;
GUY;Guyana;HDI;Human Development Index;;mys;Mean Years of Schooling (years);2012;7.554493792;
GUY;Guyana;HDI;Human Development Index;;mys;Mean Years of Schooling (years);2013;7.697943183;
GUY;Guyana;HDI;Human Development Index;;mys;Mean Years of Schooling (years);2014;7.841392573;
GUY;Guyana;HDI;Human Development Index;;mys;Mean Years of Schooling (years);2015;7.984841964;
GUY;Guyana;HDI;Human Development Index;;mys;Mean Years of Schooling (years);2016;8.128291354;
GUY;Guyana;HDI;Human Development Index;;mys;Mean Years of Schooling (years);2017;8.271740745;
GUY;Guyana;HDI;Human Development Index;;mys;Mean Years of Schooling (years);2018;8.415190136;
GUY;Guyana;HDI;Human Development Index;;mys;Mean Years of Schooling (years);2019;8.558639526;
PER;Peru;HDI;Human Development Index;;mys;Mean Years of Schooling (years);1990;7.775329917;
PER;Peru;HDI;Human Development Index;;mys;Mean Years of Schooling (years);1991;7.833122587;
PER;Peru;HDI;Human Development Index;;mys;Mean Years of Schooling (years);1992;7.89134482;
PER;Peru;HDI;Human Development Index;;mys;Mean Years of Schooling (years);1993;7.949999809;
PER;Peru;HDI;Human Development Index;;mys;Mean Years of Schooling (years);1994;8.00909077;
PER;Peru;HDI;Human Development Index;;mys;Mean Years of Schooling (years);1995;8.068181731;
PER;Peru;HDI;Human Development Index;;mys;Mean Years of Schooling (years);1996;8.127272693;
PER;Peru;HDI;Human Development Index;;mys;Mean Years of Schooling (years);1997;8.186363654;
PER;Peru;HDI;Human Development Index;;mys;Mean Years of Schooling (years);1998;8.245454615;
PER;Peru;HDI;Human Development Index;;mys;Mean Years of Schooling (years);1999;8.304545576;
PER;Peru;HDI;Human Development Index;;mys;Mean Years of Schooling (years);2000;8.363636537;
PER;Peru;HDI;Human Development Index;;mys;Mean Years of Schooling (years);2001;8.422727498;
PER;Peru;HDI;Human Development Index;;mys;Mean Years of Schooling (years);2002;8.481818459;
PER;Peru;HDI;Human Development Index;;mys;Mean Years of Schooling (years);2003;8.54090942;
PER;Peru;HDI;Human Development Index;;mys;Mean Years of Schooling (years);2004;8.600000381;
PER;Peru;HDI;Human Development Index;;mys;Mean Years of Schooling (years);2005;7.920000076;
PER;Peru;HDI;Human Development Index;;mys;Mean Years of Schooling (years);2006;7.929999828;
PER;Peru;HDI;Human Development Index;;mys;Mean Years of Schooling (years);2007;8.18999958;
PER;Peru;HDI;Human Development Index;;mys;Mean Years of Schooling (years);2008;8.18999958;
PER;Peru;HDI;Human Development Index;;mys;Mean Years of Schooling (years);2009;8.220000267;
PER;Peru;HDI;Human Development Index;;mys;Mean Years of Schooling (years);2010;8.869999886;
PER;Peru;HDI;Human Development Index;;mys;Mean Years of Schooling (years);2011;8.890000343;
PER;Peru;HDI;Human Development Index;;mys;Mean Years of Schooling (years);2012;9.079999924;
PER;Peru;HDI;Human Development Index;;mys;Mean Years of Schooling (years);2013;9.140000343;
PER;Peru;HDI;Human Development Index;;mys;Mean Years of Schooling (years);2014;9.149999619;
PER;Peru;HDI;Human Development Index;;mys;Mean Years of Schooling (years);2015;9.090000153;
PER;Peru;HDI;Human Development Index;;mys;Mean Years of Schooling (years);2016;9.313333511;
PER;Peru;HDI;Human Development Index;;mys;Mean Years of Schooling (years);2017;9.53666687;
PER;Peru;HDI;Human Development Index;;mys;Mean Years of Schooling (years);2018;9.760000229;
PER;Peru;HDI;Human Development Index;;mys;Mean Years of Schooling (years);2019;9.889816364;
PRY;Paraguay;HDI;Human Development Index;;mys;Mean Years of Schooling (years);1990;5.744568091;
PRY;Paraguay;HDI;Human Development Index;;mys;Mean Years of Schooling (years);1991;5.846381705;
PRY;Paraguay;HDI;Human Development Index;;mys;Mean Years of Schooling (years);1992;5.949999809;
PRY;Paraguay;HDI;Human Development Index;;mys;Mean Years of Schooling (years);1993;6.055454384;
PRY;Paraguay;HDI;Human Development Index;;mys;Mean Years of Schooling (years);1994;6.160908959;
PRY;Paraguay;HDI;Human Development Index;;mys;Mean Years of Schooling (years);1995;6.266363534;
PRY;Paraguay;HDI;Human Development Index;;mys;Mean Years of Schooling (years);1996;6.371818109;
PRY;Paraguay;HDI;Human Development Index;;mys;Mean Years of Schooling (years);1997;6.477272684;
PRY;Paraguay;HDI;Human Development Index;;mys;Mean Years of Schooling (years);1998;6.582727259;
PRY;Paraguay;HDI;Human Development Index;;mys;Mean Years of Schooling (years);1999;6.688181834;
PRY;Paraguay;HDI;Human Development Index;;mys;Mean Years of Schooling (years);2000;6.793636409;
PRY;Paraguay;HDI;Human Development Index;;mys;Mean Years of Schooling (years);2001;6.899090984;
PRY;Paraguay;HDI;Human Development Index;;mys;Mean Years of Schooling (years);2002;7.004545559;
PRY;Paraguay;HDI;Human Development Index;;mys;Mean Years of Schooling (years);2003;7.110000134;
PRY;Paraguay;HDI;Human Development Index;;mys;Mean Years of Schooling (years);2004;7.230000019;
PRY;Paraguay;HDI;Human Development Index;;mys;Mean Years of Schooling (years);2005;7.349999905;
PRY;Paraguay;HDI;Human Development Index;;mys;Mean Years of Schooling (years);2006;7.070000172;
PRY;Paraguay;HDI;Human Development Index;;mys;Mean Years of Schooling (years);2007;7.150000095;
PRY;Paraguay;HDI;Human Development Index;;mys;Mean Years of Schooling (years);2008;7.389999866;
PRY;Paraguay;HDI;Human Development Index;;mys;Mean Years of Schooling (years);2009;7.03000021;
PRY;Paraguay;HDI;Human Development Index;;mys;Mean Years of Schooling (years);2010;7.28000021;
PRY;Paraguay;HDI;Human Development Index;;mys;Mean Years of Schooling (years);2011;7.53000021;
PRY;Paraguay;HDI;Human Development Index;;mys;Mean Years of Schooling (years);2012;7.78000021;
PRY;Paraguay;HDI;Human Development Index;;mys;Mean Years of Schooling (years);2013;8.289999962;
PRY;Paraguay;HDI;Human Development Index;;mys;Mean Years of Schooling (years);2014;8.25;
PRY;Paraguay;HDI;Human Development Index;;mys;Mean Years of Schooling (years);2015;8.520000458;
PRY;Paraguay;HDI;Human Development Index;;mys;Mean Years of Schooling (years);2016;8.350000381;
PRY;Paraguay;HDI;Human Development Index;;mys;Mean Years of Schooling (years);2017;8.470000267;
PRY;Paraguay;HDI;Human Development Index;;mys;Mean Years of Schooling (years);2018;8.590000153;
PRY;Paraguay;HDI;Human Development Index;;mys;Mean Years of Schooling (years);2019;8.81000042;
SUR;Suriname;HDI;Human Development Index;;mys;Mean Years of Schooling (years);2004;7.739999771;
SUR;Suriname;HDI;Human Development Index;;mys;Mean Years of Schooling (years);2005;7.780431952;
SUR;Suriname;HDI;Human Development Index;;mys;Mean Years of Schooling (years);2006;7.820864132;
SUR;Suriname;HDI;Human Development Index;;mys;Mean Years of Schooling (years);2007;7.861296313;
SUR;Suriname;HDI;Human Development Index;;mys;Mean Years of Schooling (years);2008;7.901728494;
SUR;Suriname;HDI;Human Development Index;;mys;Mean Years of Schooling (years);2009;7.942160675;
SUR;Suriname;HDI;Human Development Index;;mys;Mean Years of Schooling (years);2010;7.982592855;
SUR;Suriname;HDI;Human Development Index;;mys;Mean Years of Schooling (years);2011;8.023025036;
SUR;Suriname;HDI;Human Development Index;;mys;Mean Years of Schooling (years);2012;8.063457217;
SUR;Suriname;HDI;Human Development Index;;mys;Mean Years of Schooling (years);2013;8.103889397;
SUR;Suriname;HDI;Human Development Index;;mys;Mean Years of Schooling (years);2014;8.144321578;
SUR;Suriname;HDI;Human Development Index;;mys;Mean Years of Schooling (years);2015;8.184753759;
SUR;Suriname;HDI;Human Development Index;;mys;Mean Years of Schooling (years);2016;8.225185939;
SUR;Suriname;HDI;Human Development Index;;mys;Mean Years of Schooling (years);2017;8.26561812;
SUR;Suriname;HDI;Human Development Index;;mys;Mean Years of Schooling (years);2018;8.306050301;
SUR;Suriname;HDI;Human Development Index;;mys;Mean Years of Schooling (years);2019;8.347083681;
URY;Uruguay;HDI;Human Development Index;;mys;Mean Years of Schooling (years);1990;7.154903077;
URY;Uruguay;HDI;Human Development Index;;mys;Mean Years of Schooling (years);1991;7.1930358;
URY;Uruguay;HDI;Human Development Index;;mys;Mean Years of Schooling (years);1992;7.231168523;
URY;Uruguay;HDI;Human Development Index;;mys;Mean Years of Schooling (years);1993;7.269301247;
URY;Uruguay;HDI;Human Development Index;;mys;Mean Years of Schooling (years);1994;7.30743397;
URY;Uruguay;HDI;Human Development Index;;mys;Mean Years of Schooling (years);1995;7.345566693;
URY;Uruguay;HDI;Human Development Index;;mys;Mean Years of Schooling (years);1996;7.46999979;
URY;Uruguay;HDI;Human Development Index;;mys;Mean Years of Schooling (years);1997;7.681428364;
URY;Uruguay;HDI;Human Development Index;;mys;Mean Years of Schooling (years);1998;7.892856938;
URY;Uruguay;HDI;Human Development Index;;mys;Mean Years of Schooling (years);1999;8.104285513;
URY;Uruguay;HDI;Human Development Index;;mys;Mean Years of Schooling (years);2000;8.315714087;
URY;Uruguay;HDI;Human Development Index;;mys;Mean Years of Schooling (years);2001;8.527142661;
URY;Uruguay;HDI;Human Development Index;;mys;Mean Years of Schooling (years);2002;8.738571235;
URY;Uruguay;HDI;Human Development Index;;mys;Mean Years of Schooling (years);2003;8.949999809;
URY;Uruguay;HDI;Human Development Index;;mys;Mean Years of Schooling (years);2004;8.633333206;
URY;Uruguay;HDI;Human Development Index;;mys;Mean Years of Schooling (years);2005;8.316666603;
URY;Uruguay;HDI;Human Development Index;;mys;Mean Years of Schooling (years);2006;8;
URY;Uruguay;HDI;Human Development Index;;mys;Mean Years of Schooling (years);2007;8.184999943;
URY;Uruguay;HDI;Human Development Index;;mys;Mean Years of Schooling (years);2008;8.369999886;
URY;Uruguay;HDI;Human Development Index;;mys;Mean Years of Schooling (years);2009;8.369999886;
URY;Uruguay;HDI;Human Development Index;;mys;Mean Years of Schooling (years);2010;8.329999924;
URY;Uruguay;HDI;Human Development Index;;mys;Mean Years of Schooling (years);2011;8.399999619;
URY;Uruguay;HDI;Human Development Index;;mys;Mean Years of Schooling (years);2012;8.479999542;
URY;Uruguay;HDI;Human Development Index;;mys;Mean Years of Schooling (years);2013;8.520000458;
URY;Uruguay;HDI;Human Development Index;;mys;Mean Years of Schooling (years);2014;8.609999657;
URY;Uruguay;HDI;Human Development Index;;mys;Mean Years of Schooling (years);2015;8.670000076;
URY;Uruguay;HDI;Human Development Index;;mys;Mean Years of Schooling (years);2016;8.699999809;
URY;Uruguay;HDI;Human Development Index;;mys;Mean Years of Schooling (years);2017;8.829999924;
URY;Uruguay;HDI;Human Development Index;;mys;Mean Years of Schooling (years);2018;8.909999847;
URY;Uruguay;HDI;Human Development Index;;mys;Mean Years of Schooling (years);2019;8.979999542;
VEN;Venezuela (Bolivarian Republic of);HDI;Human Development Index;;mys;Mean Years of Schooling (years);1990;5.340000153;
VEN;Venezuela (Bolivarian Republic of);HDI;Human Development Index;;mys;Mean Years of Schooling (years);1991;5.588181929;
VEN;Venezuela (Bolivarian Republic of);HDI;Human Development Index;;mys;Mean Years of Schooling (years);1992;5.836363706;
VEN;Venezuela (Bolivarian Republic of);HDI;Human Development Index;;mys;Mean Years of Schooling (years);1993;6.084545482;
VEN;Venezuela (Bolivarian Republic of);HDI;Human Development Index;;mys;Mean Years of Schooling (years);1994;6.332727259;
VEN;Venezuela (Bolivarian Republic of);HDI;Human Development Index;;mys;Mean Years of Schooling (years);1995;6.580909035;
VEN;Venezuela (Bolivarian Republic of);HDI;Human Development Index;;mys;Mean Years of Schooling (years);1996;6.829090812;
VEN;Venezuela (Bolivarian Republic of);HDI;Human Development Index;;mys;Mean Years of Schooling (years);1997;7.077272589;
VEN;Venezuela (Bolivarian Republic of);HDI;Human Development Index;;mys;Mean Years of Schooling (years);1998;7.325454365;
VEN;Venezuela (Bolivarian Republic of);HDI;Human Development Index;;mys;Mean Years of Schooling (years);1999;7.573636142;
VEN;Venezuela (Bolivarian Republic of);HDI;Human Development Index;;mys;Mean Years of Schooling (years);2000;7.821817918;
VEN;Venezuela (Bolivarian Republic of);HDI;Human Development Index;;mys;Mean Years of Schooling (years);2001;8.069999695;
VEN;Venezuela (Bolivarian Republic of);HDI;Human Development Index;;mys;Mean Years of Schooling (years);2002;7.957999802;
VEN;Venezuela (Bolivarian Republic of);HDI;Human Development Index;;mys;Mean Years of Schooling (years);2003;7.845999908;
VEN;Venezuela (Bolivarian Republic of);HDI;Human Development Index;;mys;Mean Years of Schooling (years);2004;7.734000015;
VEN;Venezuela (Bolivarian Republic of);HDI;Human Development Index;;mys;Mean Years of Schooling (years);2005;7.622000122;
VEN;Venezuela (Bolivarian Republic of);HDI;Human Development Index;;mys;Mean Years of Schooling (years);2006;7.510000229;
VEN;Venezuela (Bolivarian Republic of);HDI;Human Development Index;;mys;Mean Years of Schooling (years);2007;7.989999771;
VEN;Venezuela (Bolivarian Republic of);HDI;Human Development Index;;mys;Mean Years of Schooling (years);2008;8.140000343;
VEN;Venezuela (Bolivarian Republic of);HDI;Human Development Index;;mys;Mean Years of Schooling (years);2009;8.25;
VEN;Venezuela (Bolivarian Republic of);HDI;Human Development Index;;mys;Mean Years of Schooling (years);2010;8.684999943;
VEN;Venezuela (Bolivarian Republic of);HDI;Human Development Index;;mys;Mean Years of Schooling (years);2011;9.119999886;
VEN;Venezuela (Bolivarian Republic of);HDI;Human Development Index;;mys;Mean Years of Schooling (years);2012;9.25;
VEN;Venezuela (Bolivarian Republic of);HDI;Human Development Index;;mys;Mean Years of Schooling (years);2013;9.380000114;
VEN;Venezuela (Bolivarian Republic of);HDI;Human Development Index;;mys;Mean Years of Schooling (years);2014;9.510000229;
VEN;Venezuela (Bolivarian Republic of);HDI;Human Development Index;;mys;Mean Years of Schooling (years);2015;9.640000343;
VEN;Venezuela (Bolivarian Republic of);HDI;Human Development Index;;mys;Mean Years of Schooling (years);2016;10.31000042;
VEN;Venezuela (Bolivarian Republic of);HDI;Human Development Index;;mys;Mean Years of Schooling (years);2017;10.13614271;
VEN;Venezuela (Bolivarian Republic of);HDI;Human Development Index;;mys;Mean Years of Schooling (years);2018;9.962285008;
VEN;Venezuela (Bolivarian Republic of);HDI;Human Development Index;;mys;Mean Years of Schooling (years);2019;9.820335191;